add_time,prod_id,prod_name,prod_price,prod_store,prod_url,shop_list,store_id,store_rates,store_score,store_url
2019-11-04,26693453701,新日（Sunra）电动车成人电动摩托车外卖踏板电瓶车60V32Ah电池时尚炫酷运动款黑豹PLUS极光炫银/亮灰【60V32AH续航90KM】,3699,新日电动车官方旗舰店,https://item.jd.com/26693453701.html,"['商品名称：新日（Sunra）电动车成人电动摩托车外卖踏板电瓶车60V32Ah电池时尚炫酷运动款黑豹PLUS极光炫银/亮灰【60V32AH续航90KM】', '商品编号：26693453701', '店铺：', '商品毛重：120.0kg', '商品产地：中国大陆', '货号：黑豹PLUS-雪豹', '理论时速：30km/h以上', '重量：40kg以上', '车型：电动摩托车', '轮圈尺寸：10英寸', '理论续航：61-80km，80km以上', '是否可折叠：不可折叠', '额定功率：501-1000W', '电池容量：31-40AH', '电池类型：铅酸电池', '变速档位：2速/内二速', '电池电压：60V', '标准认证：CCC认证', '款式：两轮', '电池能否拆卸：不可拆卸', '适用人群：通用', '是否支持脚踏：不支持脚踏']",65252,评价900+,3.5,https://mall.jd.com/index-65252.html
2019-11-04,10537337301,新日电动车折叠电动自行车新国标迷你代步代驾锂电池助力小型电瓶车成人精英版黑色定制汽车电芯助力约50公里,2097,新日旗舰店,https://item.jd.com/10537337301.html,"['商品名称：新日电动车折叠电动自行车新国标迷你代步代驾锂电池助力小型电瓶车成人精英版黑色定制汽车电芯助力约50公里', '商品编号：10537337301', '店铺：', '商品毛重：28.0kg', '商品产地：中国大陆', '货号：V6', '理论时速：21-30km/h', '重量：21-30kg', '车型：电动自行车', '轮圈尺寸：12英寸', '变速档位：单速', '是否可折叠：可折叠', '额定功率：251-500W', '电池容量：10AH及以下', '电池类型：锂电池', '是否支持脚踏：支持脚踏', '电池电压：48V', '款式：两轮', '理论续航：41-60km', '电池能否拆卸：可拆卸', '适用人群：通用', '上市时间：2019年春季']",580599,评价7400+,4.0,https://mall.jd.com/index-580599.html
2019-11-04,10273603103,新日（Sunra）电动自行车折叠电动车锂电池滑板车成人男士女士新国标迷你小型电瓶车代驾代步单车标准版【神秘黑】汽车电芯助力续航50公里,2199,新日绘前专卖店,https://item.jd.com/10273603103.html,"['商品名称：新日（Sunra）电动自行车折叠电动车锂电池滑板车成人男士女士新国标迷你小型电瓶车代驾代步单车标准版【神秘黑】汽车电芯助力续航50公里', '商品编号：10273603103', '店铺：', '商品毛重：22.0kg', '货号：轻活HS1', '车型：电动自行车', '理论时速：10-20km/h', '额定功率：251-500W', '电池能否拆卸：可拆卸', '电池容量：10AH及以下', '理论续航：41-60km，61-80km，80km以上', '电池类型：锂电池', '重量：10-20kg', '电池电压：48V', '变速档位：单速', '适用人群：通用', '轮圈尺寸：14英寸', '是否可折叠：可折叠', '款式：两轮', '是否支持脚踏：支持脚踏']",188101,评价1.2万+,4.5,https://mall.jd.com/index-188101.html
2019-11-04,27156324216,新日（Sunra）电动车新国标电动自行车男女成人电瓶车小型轻便迷你代步车双摇控米粒铅酸版海棠红【新国标版】升级后靠背,2199,新日电动车官方旗舰店,https://item.jd.com/27156324216.html,"['商品名称：新日（Sunra）电动车新国标电动自行车男女成人电瓶车小型轻便迷你代步车双摇控米粒铅酸版海棠红【新国标版】升级后靠背', '商品编号：27156324216', '店铺：', '商品毛重：55.0kg', '商品产地：中国大陆', '货号：果粒二代', '理论时速：21-30km/h', '重量：40kg以上', '车型：电动自行车', '轮圈尺寸：14英寸', '理论续航：31-40km', '是否可折叠：不可折叠', '额定功率：251-500W', '电池容量：11-20AH', '电池类型：铅酸电池', '变速档位：单速', '电池电压：48V', '标准认证：CCC认证', '款式：两轮', '电池能否拆卸：不可拆卸', '适用人群：通用', '是否支持脚踏：支持脚踏']",65252,评价2200+,3.5,https://mall.jd.com/index-65252.html
2019-11-04,45662772759,新日（SUNRA）新国标新款电动车成人女性小型果粒二代米粒男女双人代步48v学生迷你电动滑板车香脂白（送靠背）,2199,新日新空专卖店,https://item.jd.com/45662772759.html,"['商品名称：新日（SUNRA）新国标新款电动车成人女性小型果粒二代米粒男女双人代步48v学生迷你电动滑板车香脂白（送靠背）', '商品编号：45662772759', '店铺：', '商品毛重：39.0kg', '商品产地：中国大陆', '货号：TDTZD-020', '定速巡航：有定速巡航', '充电时间：240分钟以上', '重量：40kg以上', '电池能否拆卸：不可拆卸', '加速方式：转把加速', '理论续航：31-40km', '类别：整车', '款式：两轮', '适用人群：通用', '是否可折叠：不可折叠']",922695,评价1300+,4.5,https://mall.jd.com/index-922695.html
2019-11-04,36086189340,新日电动车电动自行车折叠锂电电瓶车成人代步便携电单车DC1助力续航90-150KM48V【约90KM助力续航】珍珠白,2999,新日创斯易专卖店,https://item.jd.com/36086189340.html,"['商品名称：新日电动车电动自行车折叠锂电电瓶车成人代步便携电单车DC1助力续航90-150KM48V【约90KM助力续航】珍珠白', '商品编号：36086189340', '店铺：', '商品毛重：23.0kg', '商品产地：中国大陆', '货号：DC1', '理论时速：21-30km/h', '重量：21-30kg', '车型：折叠电动车', '轮圈尺寸：其它', '理论续航：80km以上', '是否可折叠：可折叠', '额定功率：250W及以下', '电池容量：11-20AH', '电池类型：锂电池', '变速档位：其它', '电池电压：48V', '标准认证：CCC认证', '款式：两轮', '电池能否拆卸：可拆卸', '适用人群：通用', '是否支持脚踏：支持脚踏']",758646,评价100+,4.5,https://mall.jd.com/index-758646.html
2019-11-04,31687675871,新日电动车折叠电动自行车新国标锂电池小型成人男女迷你单车助力电瓶车代驾车标准版炫酷黑定制汽车电芯助力60公里,2199,新日旗舰店,https://item.jd.com/31687675871.html,"['商品名称：新日电动车折叠电动自行车新国标锂电池小型成人男女迷你单车助力电瓶车代驾车标准版炫酷黑定制汽车电芯助力60公里', '商品编号：31687675871', '店铺：', '商品毛重：30.0kg', '商品产地：中国大陆', '货号：003', '理论时速：21-30km/h', '重量：21-30kg', '车型：电动自行车', '轮圈尺寸：14英寸', '变速档位：其它', '是否可折叠：可折叠', '额定功率：251-500W', '电池容量：10AH及以下', '电池类型：锂电池', '是否支持脚踏：支持脚踏', '电池电压：48V', '款式：两轮', '理论续航：41-60km', '电池能否拆卸：可拆卸', '适用人群：通用', '上市时间：2019年春季']",580599,评价2600+,4.0,https://mall.jd.com/index-580599.html
2019-11-04,39960201935,新日（SUNRA）电动摩托车电动车成人电瓶车外卖踏板车黑豹Plus60V32Ah雪豹系列哑光钛黑32A,3599,新日新空专卖店,https://item.jd.com/39960201935.html,"['商品名称：新日（SUNRA）电动摩托车电动车成人电瓶车外卖踏板车黑豹Plus60V32Ah雪豹系列哑光钛黑32A', '商品编号：39960201935', '店铺：', '商品毛重：104.0kg', '货号：heiabosandai001', '理论时速：30km/h以上', '重量：40kg以上', '车型：电动摩托车', '轮圈尺寸：其它', '理论续航：61-80km', '是否可折叠：不可折叠', '额定功率：501-1000W', '电池容量：21-30AH', '电池类型：铅酸电池', '变速档位：其它', '电池电压：60V', '标准认证：CCC认证', '款式：两轮', '电池能否拆卸：不可拆卸', '适用人群：通用', '是否支持脚踏：不支持脚踏']",922695,评价20+,4.5,https://mall.jd.com/index-922695.html
2019-11-04,10518607558,新日（Sunra）电动自行车新国标折叠电动车锂电池滑板车成人男士女士迷你小型电瓶车代驾代步单车神秘黑升级款助力续航80-100公里,2888,新日旗舰店,https://item.jd.com/10518607558.html,"['商品名称：新日（Sunra）电动自行车新国标折叠电动车锂电池滑板车成人男士女士迷你小型电瓶车代驾代步单车神秘黑升级款助力续航80-100公里', '商品编号：10518607558', '店铺：', '商品毛重：22.0kg', '商品产地：中国大陆', '货号：新日V9', '定速巡航：有定速巡航', '充电时间：240分钟以上', '重量：21-30kg', '电池能否拆卸：可拆卸', '加速方式：转把加速', '理论续航：21-30km', '类别：整车', '款式：两轮', '适用人群：通用', '是否可折叠：可折叠']",580599,评价800+,4.0,https://mall.jd.com/index-580599.html
2019-11-04,18620451732,新日电动车折叠电动自行车锂电滑板车成人男女迷你单车助力电瓶车代驾车白色助力续航40-50公里,2299,新日绘前专卖店,https://item.jd.com/18620451732.html,"['商品名称：新日电动车折叠电动自行车锂电滑板车成人男女迷你单车助力电瓶车代驾车白色助力续航40-50公里', '商品编号：18620451732', '店铺：', '商品毛重：22.0kg', '商品产地：中国大陆', '货号：轻活HS2', '车型：电动自行车', '理论时速：21-30km/h', '额定功率：251-500W', '电池能否拆卸：可拆卸', '电池容量：11-20AH', '理论续航：61-80km，80km以上', '电池类型：锂电池，其它', '重量：10-20kg', '电池电压：48V', '变速档位：单速', '适用人群：通用', '轮圈尺寸：14英寸', '是否可折叠：可折叠', '款式：两轮', '是否支持脚踏：支持脚踏']",188101,评价400+,4.5,https://mall.jd.com/index-188101.html
2019-11-04,44091703888,新日（SUNRA）电动车新国标电动自行车成人48V锂电池电瓶车小型轻便代步车牡丹红/锂电【新国标版】TDTZD-025,2699,新日电动车官方旗舰店,https://item.jd.com/44091703888.html,"['商品名称：新日（SUNRA）电动车新国标电动自行车成人48V锂电池电瓶车小型轻便代步车牡丹红/锂电【新国标版】TDTZD-025', '商品编号：44091703888', '店铺：', '商品毛重：45.0kg', '商品产地：中国大陆', '货号：米粒', '理论时速：21-30km/h', '重量：40kg以上', '车型：电动自行车', '轮圈尺寸：14英寸', '理论续航：31-40km', '是否可折叠：不可折叠', '额定功率：251-500W', '电池容量：11-20AH', '电池类型：锂电池', '变速档位：单速', '电池电压：48V', '标准认证：CCC认证', '款式：两轮', '电池能否拆卸：可拆卸', '适用人群：通用', '是否支持脚踏：支持脚踏']",65252,评价500+,3.5,https://mall.jd.com/index-65252.html
2019-11-04,47359336951,新日SUNRA电动车电动自行车成人电瓶车48V12锂电池XC1小巧轻便可提取充电轻便时尚48V12A锂电/标准版/牡丹红,3599,新日新空专卖店,https://item.jd.com/47359336951.html,"['商品名称：新日SUNRA电动车电动自行车成人电瓶车48V12锂电池XC1小巧轻便可提取充电轻便时尚48V12A锂电/标准版/牡丹红', '商品编号：47359336951', '店铺：', '商品毛重：50.0kg', '货号：XC1', '理论时速：21-30km/h', '重量：40kg以上', '车型：电动自行车', '轮圈尺寸：其它', '理论续航：31-40km', '是否可折叠：不可折叠', '额定功率：251-500W', '电池容量：11-20AH', '电池类型：锂电池', '变速档位：其它', '电池电压：48V', '标准认证：CCC认证', '款式：两轮', '电池能否拆卸：可拆卸', '适用人群：通用', '是否支持脚踏：支持脚踏']",922695,评价60+,4.5,https://mall.jd.com/index-922695.html
2019-11-04,16033756586,新日SUNRA新日电动车风雅欧妮电动车成人送货到小区楼下可进电梯电动自行车新款小龟王迷你电动车白色60V20AH,3499,雷利来运动专营店,https://item.jd.com/16033756586.html,"['商品名称：新日SUNRA新日电动车风雅欧妮电动车成人送货到小区楼下可进电梯电动自行车新款小龟王迷你电动车白色60V20AH', '商品编号：16033756586', '店铺：', '商品毛重：90.0kg', '商品产地：中国大陆', '货号：欧妮', '理论时速：30km/h以上', '重量：40kg以上', '车型：电动自行车', '轮圈尺寸：10英寸', '理论续航：41-60km', '是否可折叠：不可折叠', '额定功率：501-1000W', '电池容量：11-20AH', '电池类型：铅酸电池', '变速档位：2速/内二速', '电池电压：60V', '标准认证：CCC认证', '款式：两轮', '电池能否拆卸：不可拆卸', '适用人群：通用', '是否支持脚踏：不支持脚踏']",706530,评价200+,3.0,https://mall.jd.com/index-706530.html
2019-11-04,41617138939,新日（Sunra）电动车新国标电动自行车48V成人电瓶车迷你轻便代步车博世电机小武士炫彩天蓝【新国标版】,2499,新日电动车官方旗舰店,https://item.jd.com/41617138939.html,"['商品名称：新日（Sunra）电动车新国标电动自行车48V成人电瓶车迷你轻便代步车博世电机小武士炫彩天蓝【新国标版】', '商品编号：41617138939', '店铺：', '商品毛重：52.0kg', '商品产地：中国大陆', '货号：小武士', '理论时速：21-30km/h', '重量：40kg以上', '车型：电动自行车', '轮圈尺寸：14英寸', '理论续航：31-40km', '是否可折叠：不可折叠', '额定功率：251-500W', '电池容量：11-20AH', '电池类型：铅酸电池', '变速档位：单速', '电池电压：48V', '标准认证：CCC认证', '款式：两轮', '电池能否拆卸：不可拆卸', '适用人群：通用', '是否支持脚踏：支持脚踏']",65252,评价300+,3.5,https://mall.jd.com/index-65252.html
2019-11-04,49399349535,新日电动车电动自行车电动摩托车通用电动自行车轻便迷你都市代步车48V带脚踏米尚珍珠白【新国标】,2499,新日合创时代专卖店,https://item.jd.com/49399349535.html,"['商品名称：新日电动车电动自行车电动摩托车通用电动自行车轻便迷你都市代步车48V带脚踏米尚珍珠白【新国标】', '商品编号：49399349535', '店铺：', '商品毛重：55.0kg', '货号：米尚-', '理论时速：30km/h以上', '重量：40kg以上', '车型：电动自行车', '轮圈尺寸：14英寸', '理论续航：31-40km', '是否可折叠：不可折叠', '额定功率：251-500W', '电池容量：11-20AH', '电池类型：铅酸电池', '变速档位：单速', '电池电压：48V', '标准认证：CCC认证', '款式：两轮', '电池能否拆卸：不可拆卸', '适用人群：通用', '是否支持脚踏：支持脚踏']",962912,评价100+,4.0,https://mall.jd.com/index-962912.html
2019-11-04,39953290716,新日（SUNRA）电动车成人女性电动自行车小型电瓶车男女性代步车电动踏板车米尚炫彩红,2199,新日新空专卖店,https://item.jd.com/39953290716.html,"['商品名称：新日（SUNRA）电动车成人女性电动自行车小型电瓶车男女性代步车电动踏板车米尚炫彩红', '商品编号：39953290716', '店铺：', '商品毛重：53.0kg', '货号：TDTZT-427', '理论时速：21-30km/h', '重量：40kg以上', '车型：电动自行车', '轮圈尺寸：其它', '理论续航：21-30km', '是否可折叠：不可折叠', '额定功率：250W及以下', '电池容量：11-20AH', '电池类型：铅酸电池', '变速档位：其它', '电池电压：48V', '标准认证：CCC认证', '款式：两轮', '电池能否拆卸：不可拆卸', '适用人群：通用', '是否支持脚踏：支持脚踏']",922695,评价50+,4.5,https://mall.jd.com/index-922695.html
2019-11-04,48006004506,新日（Sunra）电动车成人电瓶车女性踏板车时尚都市代步车缤丽海棠红【60V20AH】,3599,新日电动车官方旗舰店,https://item.jd.com/48006004506.html,"['商品名称：新日（Sunra）电动车成人电瓶车女性踏板车时尚都市代步车缤丽海棠红【60V20AH】', '商品编号：48006004506', '店铺：', '商品毛重：70.0kg', '商品产地：中国大陆', '货号：缤丽', '理论时速：30km/h以上', '重量：40kg以上', '车型：电动摩托车', '轮圈尺寸：10英寸', '理论续航：41-60km', '是否可折叠：不可折叠', '额定功率：501-1000W', '电池容量：11-20AH', '电池类型：铅酸电池', '变速档位：2速/内二速', '电池电压：60V', '标准认证：CCC认证', '款式：两轮', '电池能否拆卸：不可拆卸', '适用人群：通用', '是否支持脚踏：不支持脚踏']",65252,评价100+,3.5,https://mall.jd.com/index-65252.html
2019-11-04,35653528070,新日（Sunra）电动车新款新国标电动摩托车踏板电瓶车双人豪华城市运动款60V黑豹5代60V2黑豹五代哑光深银灰前后鼓刹60V20A,3499,新日电动车专卖店,https://item.jd.com/35653528070.html,"['商品名称：新日（Sunra）电动车新款新国标电动摩托车踏板电瓶车双人豪华城市运动款60V黑豹5代60V2黑豹五代哑光深银灰前后鼓刹60V20A', '商品编号：35653528070', '店铺：', '商品毛重：99.5kg', '商品产地：中国大陆', '货号：黑豹5代', '车型：电动摩托车', '理论时速：21-30km/h', '额定功率：501-1000W', '电池能否拆卸：不可拆卸', '电池容量：11-20AH', '理论续航：61-80km', '电池类型：铅酸电池', '重量：40kg以上', '电池电压：60V', '变速档位：3速/内三速', '适用人群：通用', '轮圈尺寸：10英寸', '是否可折叠：不可折叠', '款式：两轮', '是否支持脚踏：不支持脚踏']",893349,评价80+,4.5,https://mall.jd.com/index-893349.html
2019-11-04,45687996264,新日（Sunra）电动车成人电瓶车电摩60V32AH电动摩托车时尚炫酷电摩新国标黑豹系列雪豹/60V32AH/钢琴黑,3599,新日合创时代专卖店,https://item.jd.com/45687996264.html,"['商品名称：新日（Sunra）电动车成人电瓶车电摩60V32AH电动摩托车时尚炫酷电摩新国标黑豹系列雪豹/60V32AH/钢琴黑', '商品编号：45687996264', '店铺：', '商品毛重：99.5kg', '货号：黑豹plus', '理论时速：30km/h以上', '重量：40kg以上', '车型：电动摩托车', '轮圈尺寸：10英寸', '理论续航：31-40km', '是否可折叠：不可折叠', '额定功率：501-1000W', '电池容量：31-40AH', '电池类型：铅酸电池', '变速档位：2速/内二速', '电池电压：60V', '标准认证：CCC认证', '款式：两轮', '电池能否拆卸：不可拆卸', '适用人群：通用', '是否支持脚踏：不支持脚踏']",962912,评价6,4.0,https://mall.jd.com/index-962912.html
2019-11-04,41625549656,新日（Sunra）电动车成人电瓶车新国标电动自行车轻便代步车48V可提取充电TDTZD-404牡丹红/油光黑【新国标版】,2599,新日电动车官方旗舰店,https://item.jd.com/41625549656.html,"['商品名称：新日（Sunra）电动车成人电瓶车新国标电动自行车轻便代步车48V可提取充电TDTZD-404牡丹红/油光黑【新国标版】', '商品编号：41625549656', '店铺：', '商品毛重：52.0kg', '商品产地：中国大陆', '货号：米乐', '理论时速：21-30km/h', '重量：40kg以上', '车型：电动自行车', '轮圈尺寸：14英寸', '理论续航：31-40km', '是否可折叠：不可折叠', '额定功率：251-500W', '电池容量：11-20AH', '电池类型：铅酸电池', '变速档位：单速', '电池电压：48V', '标准认证：CCC认证', '款式：两轮', '电池能否拆卸：可拆卸', '适用人群：通用', '是否支持脚踏：支持脚踏']",65252,评价200+,3.5,https://mall.jd.com/index-65252.html
2019-11-04,39829361499,新日（SUNRA）电动车代步车新款电瓶车运动踏板车电动摩托车黑豹五代香脂白6020前后鼓刹,2999,新日新空专卖店,https://item.jd.com/39829361499.html,"['商品名称：新日（SUNRA）电动车代步车新款电瓶车运动踏板车电动摩托车黑豹五代香脂白6020前后鼓刹', '商品编号：39829361499', '店铺：', '商品毛重：102.0kg', '货号：heibao001', '车型：电动摩托车', '理论时速：21-30km/h', '额定功率：250W及以下', '电池能否拆卸：不可拆卸', '电池容量：11-20AH', '理论续航：21-30km', '电池类型：铅酸电池', '重量：40kg以上', '电池电压：60V', '变速档位：其它', '适用人群：通用', '轮圈尺寸：其它', '是否可折叠：不可折叠', '款式：两轮', '是否支持脚踏：不支持脚踏']",922695,评价100+,4.5,https://mall.jd.com/index-922695.html
2019-11-04,10741801584,新日（Sunra）折叠电动自行车锂电成人男女式小型便携迷你代步代驾电瓶车新国标新款轻活HS1青春版-曜石黑,2399,赛奔户外运动专营店,https://item.jd.com/10741801584.html,"['商品名称：新日（Sunra）折叠电动自行车锂电成人男女式小型便携迷你代步代驾电瓶车新国标新款轻活HS1青春版-曜石黑', '商品编号：10741801584', '店铺：', '商品毛重：26.5kg', '商品产地：中国大陆', '货号：新日V9', '车型：折叠电动车', '理论时速：21-30km/h', '额定功率：250W及以下', '电池能否拆卸：可拆卸', '电池容量：10AH及以下', '理论续航：31-40km', '电池类型：锂电池', '重量：21-30kg', '电池电压：48V', '变速档位：单速', '适用人群：通用', '轮圈尺寸：14英寸', '是否可折叠：可折叠', '款式：两轮', '是否支持脚踏：支持脚踏']",118303,评价900+,4.0,https://mall.jd.com/index-118303.html
2019-11-04,48805831413,新日（Sunra）电动车成人电瓶车女性踏板车时尚都市代步车缤丽海棠红【60V20AH】海棠红【60V20Ah】,3499,新日电动车专卖店,https://item.jd.com/48805831413.html,"['商品名称：新日（Sunra）电动车成人电瓶车女性踏板车时尚都市代步车缤丽海棠红【60V20AH】海棠红【60V20Ah】', '商品编号：48805831413', '店铺：', '商品毛重：70.0kg', '商品产地：中国大陆', '货号：缤丽', '理论时速：30km/h以上', '重量：40kg以上', '车型：电动摩托车', '轮圈尺寸：10英寸', '理论续航：41-60km', '是否可折叠：不可折叠', '额定功率：501-1000W', '电池容量：11-20AH', '电池类型：铅酸电池', '变速档位：2速/内二速', '电池电压：60V', '标准认证：CCC认证', '款式：两轮', '电池能否拆卸：不可拆卸', '适用人群：通用', '是否支持脚踏：不支持脚踏']",893349,评价2,4.5,https://mall.jd.com/index-893349.html
2019-11-04,55587478541,新日（Sunra）电动车折叠电动自行车新国标代驾成人电瓶车小型迷你轻便代步车48VDC112A哑光黑助力续航80公里,2699,新日旗舰店,https://item.jd.com/55587478541.html,"['商品名称：新日（Sunra）电动车折叠电动自行车新国标代驾成人电瓶车小型迷你轻便代步车48VDC112A哑光黑助力续航80公里', '商品编号：55587478541', '店铺：', '商品毛重：30.0kg', '商品产地：中国大陆', '货号：TDSZH-206', '理论时速：21-30km/h', '重量：31-40kg', '车型：电动自行车', '轮圈尺寸：14英寸', '变速档位：单速', '是否可折叠：可折叠', '额定功率：251-500W', '电池容量：10AH及以下', '电池类型：锂电池', '适用人群：通用', '是否支持脚踏：支持脚踏', '电池电压：48V', '标准认证：CCC认证', '电池能否拆卸：可拆卸', '理论续航：80km以上', '款式：两轮', '上市时间：2019年春季']",580599,评价20+,4.0,https://mall.jd.com/index-580599.html
2019-11-04,40147097328,新日（SUNRA）米乐电动车小型成人女性电瓶车情侣亲子款男女双人代步可提取电池迷你时尚电动滑板车珍珠白,2399,新日新空专卖店,https://item.jd.com/40147097328.html,"['商品名称：新日（SUNRA）米乐电动车小型成人女性电瓶车情侣亲子款男女双人代步可提取电池迷你时尚电动滑板车珍珠白', '商品编号：40147097328', '店铺：', '商品毛重：39.0kg', '货号：TDTZD-404', '定速巡航：有定速巡航', '充电时间：240分钟以上', '重量：40kg以上', '电池能否拆卸：可拆卸', '加速方式：转把加速', '理论续航：31-40km', '类别：整车', '款式：两轮', '适用人群：通用', '是否可折叠：不可折叠']",922695,评价700+,4.5,https://mall.jd.com/index-922695.html
2019-11-04,47863617488,新日（SUNRA）新国标新款折叠电动车成人小型DC1男女代步48v学生迷你电动滑板车48V12A（哑光魔力黑）助力续航90-100,2599,新日合创时代专卖店,https://item.jd.com/47863617488.html,"['商品名称：新日（SUNRA）新国标新款折叠电动车成人小型DC1男女代步48v学生迷你电动滑板车48V12A（哑光魔力黑）助力续航90-100', '商品编号：47863617488', '店铺：', '商品毛重：25.0kg', '货号：DC1', '理论时速：21-30km/h', '重量：31-40kg', '车型：电动自行车', '轮圈尺寸：其它', '理论续航：21-30km', '是否可折叠：可折叠', '额定功率：251-500W', '电池容量：11-20AH', '电池类型：锂电池', '变速档位：单速', '电池电压：48V', '标准认证：CCC认证', '款式：两轮', '电池能否拆卸：可拆卸', '适用人群：通用', '是否支持脚踏：支持脚踏']",962912,评价1500+,4.0,https://mall.jd.com/index-962912.html
2019-11-04,47777258433,新日（Sunra）XC1电动车成人电瓶车电动自行车轻便时尚都市代步车48V智能锂电车48V12AH锂电/标准版/牡丹红,3499,新日电动车专卖店,https://item.jd.com/47777258433.html,"['商品名称：新日（Sunra）XC1电动车成人电瓶车电动自行车轻便时尚都市代步车48V智能锂电车48V12AH锂电/标准版/牡丹红', '商品编号：47777258433', '店铺：', '商品毛重：50.0kg', '货号：XC1', '理论时速：30km/h以上', '重量：40kg以上', '车型：电动摩托车', '轮圈尺寸：14英寸', '理论续航：31-40km', '是否可折叠：不可折叠', '额定功率：251-500W', '电池容量：11-20AH', '电池类型：锂电池', '变速档位：单速', '电池电压：48V', '标准认证：CCC认证', '款式：两轮', '电池能否拆卸：可拆卸', '适用人群：通用', '是否支持脚踏：支持脚踏']",893349,评价3,4.5,https://mall.jd.com/index-893349.html
2019-11-04,55588982341,新日（Sunra）电动车折叠电动自行车新国标锂电成人男女迷你单车助力电瓶车代驾尊享版黑色定制汽车电芯助力150公里,2788,新日旗舰店,https://item.jd.com/55588982341.html,"['商品名称：新日（Sunra）电动车折叠电动自行车新国标锂电成人男女迷你单车助力电瓶车代驾尊享版黑色定制汽车电芯助力150公里', '商品编号：55588982341', '店铺：', '商品毛重：30.0kg', '商品产地：中国大陆', '货号：0001', '理论时速：21-30km/h', '重量：31-40kg', '车型：电动自行车', '轮圈尺寸：14英寸', '变速档位：单速', '是否可折叠：可折叠', '额定功率：251-500W', '电池容量：10AH及以下', '电池类型：锂电池', '适用人群：通用', '是否支持脚踏：支持脚踏', '电池电压：48V', '标准认证：CCC认证', '电池能否拆卸：可拆卸', '理论续航：80km以上', '款式：两轮', '上市时间：2019年春季']",580599,评价30+,4.0,https://mall.jd.com/index-580599.html
2019-11-04,53868556141,新日（SUNRA）速腾S2大牛电动车踏板车电摩踏板电动车大小金牛电瓶车电动自行车代步车电动摩托车白色72V20AH,4199,雷利来运动专营店,https://item.jd.com/53868556141.html,"['商品名称：新日（SUNRA）速腾S2大牛电动车踏板车电摩踏板电动车大小金牛电瓶车电动自行车代步车电动摩托车白色72V20AH', '商品编号：53868556141', '店铺：', '商品毛重：100.0kg', '商品产地：中国大陆', '货号：速腾S', '车型：电动摩托车', '理论时速：30km/h以上', '额定功率：501-1000W', '电池能否拆卸：不可拆卸', '电池容量：11-20AH', '理论续航：61-80km', '电池类型：铅酸电池', '重量：40kg以上', '电池电压：72V', '变速档位：2速/内二速', '适用人群：通用', '轮圈尺寸：10英寸', '是否可折叠：不可折叠', '款式：两轮', '是否支持脚踏：不支持脚踏']",706530,评价10+,3.0,https://mall.jd.com/index-706530.html
2019-11-04,51699483221,新日（Sunra）DC1电动车折叠车电动自行车迷你轻便代步电瓶车便携成人代驾车哑光摩力黑【48V12A】,2500,新日电动车专卖店,https://item.jd.com/51699483221.html,"['商品名称：新日（Sunra）DC1电动车折叠车电动自行车迷你轻便代步电瓶车便携成人代驾车哑光摩力黑【48V12A】', '商品编号：51699483221', '店铺：', '商品毛重：40.0kg', '货号：DC1', '理论时速：21-30km/h', '重量：21-30kg', '车型：电动自行车', '轮圈尺寸：12英寸', '理论续航：21-30km', '是否可折叠：可折叠', '额定功率：250W及以下', '电池容量：11-20AH', '电池类型：锂电池', '变速档位：单速', '电池电压：48V', '标准认证：CCC认证', '款式：两轮', '电池能否拆卸：可拆卸', '适用人群：通用', '是否支持脚踏：支持脚踏']",893349,评价3,4.5,https://mall.jd.com/index-893349.html
2019-11-04,25556595824,新日（Sunra）果粒二代/米粒电动车电瓶车电动自行车电动车铅酸/锂电池简易代步车带脚蹬助力车铅酸版香脂白（小熊贴花）,2399,新日创斯易专卖店,https://item.jd.com/25556595824.html,"['商品名称：新日（Sunra）果粒二代/米粒电动车电瓶车电动自行车电动车铅酸/锂电池简易代步车带脚蹬助力车铅酸版香脂白（小熊贴花）', '商品编号：25556595824', '店铺：', '商品毛重：55.0kg', '商品产地：中国大陆', '货号：果粒/米粒', '理论时速：21-30km/h', '重量：40kg以上', '车型：电动自行车', '轮圈尺寸：其它', '理论续航：41-60km', '是否可折叠：不可折叠', '额定功率：251-500W', '电池容量：11-20AH', '电池类型：锂电池，铅酸电池', '变速档位：其它', '电池电压：48V', '标准认证：CCC认证', '款式：两轮', '电池能否拆卸：不可拆卸', '适用人群：通用', '是否支持脚踏：支持脚踏']",758646,评价300+,4.5,https://mall.jd.com/index-758646.html
2019-11-04,45769989094,新日电动车电动自行车折叠电动车迷你电瓶车成人锂电池代步小型代驾车黑色升级助力续航110-130公里,3199,新日绘前专卖店,https://item.jd.com/45769989094.html,"['商品名称：新日电动车电动自行车折叠电动车迷你电瓶车成人锂电池代步小型代驾车黑色升级助力续航110-130公里', '商品编号：45769989094', '店铺：', '商品毛重：17.0kg', '货号：轻活HC1', '车型：电动自行车', '理论时速：21-30km/h', '额定功率：251-500W', '电池能否拆卸：可拆卸', '电池容量：11-20AH', '理论续航：80km以上', '电池类型：锂电池', '重量：10-20kg', '电池电压：36V', '变速档位：其它', '适用人群：通用', '轮圈尺寸：12英寸', '是否可折叠：可折叠', '款式：两轮', '是否支持脚踏：支持脚踏']",188101,评价300+,4.5,https://mall.jd.com/index-188101.html
2019-11-04,24634627157,新日（SUNRA）新日电动车雪豹踏板车助力车豪华运动款电摩车电动自行车72V20A黑色72V20AH,3799,雷利来运动专营店,https://item.jd.com/24634627157.html,"['商品名称：新日（SUNRA）新日电动车雪豹踏板车助力车豪华运动款电摩车电动自行车72V20A黑色72V20AH', '商品编号：24634627157', '店铺：', '商品毛重：150.0kg', '商品产地：中国大陆', '货号：雪豹72V20AH', '理论时速：30km/h以上', '重量：40kg以上', '车型：电动摩托车', '理论续航：61-80km', '是否可折叠：不可折叠', '额定功率：501-1000W', '电池容量：11-20AH', '电池类型：铅酸电池', '变速档位：2速/内二速', '款式：两轮', '电池电压：72V', '标准认证：CCC认证', '维修方式：非上门维修', '电池能否拆卸：不可拆卸', '适用人群：通用', '是否支持脚踏：不支持脚踏']",706530,评价30+,3.0,https://mall.jd.com/index-706530.html
2019-11-04,55551075137,新日（Sunra）电动车电动摩托车成人电瓶车时尚电摩双人炫酷踏板车豪华运动款电摩60V20A黑豹5代60V32AH/钢琴黑/黑豹PLUS,3599,新日神骓专卖店,https://item.jd.com/55551075137.html,"['商品名称：新日（Sunra）电动车电动摩托车成人电瓶车时尚电摩双人炫酷踏板车豪华运动款电摩60V20A黑豹5代60V32AH/钢琴黑/黑豹PLUS', '商品编号：55551075137', '店铺：', '商品毛重：99.5kg', '商品产地：中国大陆', '货号：黑豹5代', '理论时速：30km/h以上', '重量：40kg以上', '车型：电动摩托车', '轮圈尺寸：8英寸', '理论续航：80km以上', '是否可折叠：不可折叠', '额定功率：501-1000W', '电池容量：31-40AH', '电池类型：铅酸电池', '变速档位：2速/内二速', '电池电压：60V', '标准认证：CCC认证', '款式：两轮', '电池能否拆卸：不可拆卸', '适用人群：通用', '是否支持脚踏：不支持脚踏']",893500,评价5,4.0,https://mall.jd.com/index-893500.html
2019-11-04,25559972721,新日（Sunra）电动车小龟王电瓶车电动车成人男女通勤代步助力车电摩豪华款缤丽缤丽/亮光海棠红,3799,新日创斯易专卖店,https://item.jd.com/25559972721.html,"['商品名称：新日（Sunra）电动车小龟王电瓶车电动车成人男女通勤代步助力车电摩豪华款缤丽缤丽/亮光海棠红', '商品编号：25559972721', '店铺：', '商品毛重：40.0kg', '商品产地：中国大陆', '货号：缤丽', '车型：电动摩托车', '理论时速：21-30km/h', '额定功率：251-500W', '电池能否拆卸：不可拆卸', '电池容量：11-20AH', '理论续航：31-40km', '电池类型：铅酸电池', '重量：40kg以上', '电池电压：48V', '变速档位：其它', '适用人群：通用', '轮圈尺寸：其它', '是否可折叠：不可折叠', '款式：两轮', '是否支持脚踏：不支持脚踏']",758646,评价300+,4.5,https://mall.jd.com/index-758646.html
2019-11-04,58043082917,新日（Sunra）电动车成人新国标电动自行车48V电瓶车新款小型迷你代步车简易款小猛士极光炫白,2799,新日电动车官方旗舰店,https://item.jd.com/58043082917.html,"['商品名称：新日（Sunra）电动车成人新国标电动自行车48V电瓶车新款小型迷你代步车简易款小猛士极光炫白', '商品编号：58043082917', '店铺：', '商品毛重：52.0kg', '商品产地：中国大陆', '货号：小猛士', '理论时速：21-30km/h', '重量：40kg以上', '车型：电动自行车', '轮圈尺寸：14英寸', '理论续航：31-40km', '是否可折叠：不可折叠', '额定功率：251-500W', '电池容量：11-20AH', '电池类型：铅酸电池', '变速档位：单速', '电池电压：48V', '标准认证：CCC认证', '款式：两轮', '电池能否拆卸：不可拆卸', '适用人群：通用', '是否支持脚踏：支持脚踏']",65252,评价1,3.5,https://mall.jd.com/index-65252.html
2019-11-04,55129548091,新日（Sunra）DC1电动车折叠电动自行车新款成人代驾助力小型便携电瓶锂电池城市代步48V12AH哑光魔力黑,2499,雷利来运动专营店,https://item.jd.com/55129548091.html,"['商品名称：新日（Sunra）DC1电动车折叠电动自行车新款成人代驾助力小型便携电瓶锂电池城市代步48V12AH哑光魔力黑', '商品编号：55129548091', '店铺：', '商品毛重：23.0kg', '商品产地：中国大陆', '货号：DC1', '理论时速：21-30km/h', '重量：21-30kg', '车型：折叠电动车', '轮圈尺寸：其它', '变速档位：其它', '是否可折叠：可折叠', '额定功率：250W及以下', '电池容量：11-20AH', '电池类型：锂电池', '适用人群：通用', '是否支持脚踏：支持脚踏', '电池电压：48V', '标准认证：CCC认证', '电池能否拆卸：可拆卸', '理论续航：80km以上', '款式：两轮', '上市时间：2019年秋季']",706530,评价1,3.0,https://mall.jd.com/index-706530.html
2019-11-04,44943582560,新日新国标米粒电动车电瓶车双人带脚踏48V锂电动自行车新日电动车星雨亮白,2499,新日电动车专卖店,https://item.jd.com/44943582560.html,"['商品名称：新日新国标米粒电动车电瓶车双人带脚踏48V锂电动自行车新日电动车星雨亮白', '商品编号：44943582560', '店铺：', '商品毛重：50.0kg', '商品产地：中国大陆', '货号：米粒', '理论时速：30km/h以上', '重量：40kg以上', '车型：电动自行车', '轮圈尺寸：14英寸', '理论续航：41-60km', '是否可折叠：不可折叠', '额定功率：251-500W', '电池容量：11-20AH', '电池类型：锂电池', '变速档位：2速/内二速', '电池电压：48V', '标准认证：CCC认证，CE认证', '款式：两轮', '电池能否拆卸：可拆卸', '适用人群：通用', '是否支持脚踏：不支持脚踏']",893349,评价0,4.5,https://mall.jd.com/index-893349.html
2019-11-04,44714992969,新日（Sunra）电动车新款电摩成人电瓶车60V汉化运动款踏板车黑豹5代香脂白【60V20AH标准版】,2699,新日阳光新日专卖店,https://item.jd.com/44714992969.html,"['商品名称：新日（Sunra）电动车新款电摩成人电瓶车60V汉化运动款踏板车黑豹5代香脂白【60V20AH标准版】', '商品编号：44714992969', '店铺：', '商品毛重：102.0kg', '商品产地：中国大陆', '货号：黑豹5代', '理论时速：30km/h以上', '重量：40kg以上', '车型：电动摩托车', '轮圈尺寸：10英寸', '理论续航：41-60km', '是否可折叠：不可折叠', '额定功率：501-1000W', '电池容量：11-20AH', '电池类型：铅酸电池', '变速档位：2速/内二速', '电池电压：60V', '标准认证：CCC认证', '款式：两轮', '电池能否拆卸：不可拆卸', '适用人群：通用', '是否支持脚踏：不支持脚踏']",796565,评价100+,3.5,https://mall.jd.com/index-796565.html
2019-11-04,44240691611,新日（Sunra）新国标3C认证电摩电动代步车电瓶车踏板车豪华运动款成人越野电动摩托车黑豹5代60V黑豹5代前后鼓刹香脂白60V20A,3499,新日创斯易专卖店,https://item.jd.com/44240691611.html,"['商品名称：新日（Sunra）新国标3C认证电摩电动代步车电瓶车踏板车豪华运动款成人越野电动摩托车黑豹5代60V黑豹5代前后鼓刹香脂白60V20A', '商品编号：44240691611', '店铺：', '商品毛重：105.0kg', '商品产地：中国大陆', '货号：黑豹5代', '理论时速：30km/h以上', '重量：40kg以上', '车型：电动摩托车', '轮圈尺寸：其它', '理论续航：41-60km', '是否可折叠：不可折叠', '额定功率：1001-1500W', '电池容量：11-20AH', '电池类型：铅酸电池', '变速档位：其它', '电池电压：60V', '标准认证：CCC认证', '款式：两轮', '电池能否拆卸：不可拆卸', '适用人群：通用', '是否支持脚踏：不支持脚踏']",758646,评价1000+,4.5,https://mall.jd.com/index-758646.html
2019-11-04,52584167445,新日R3高端（SUNRA）国标电动摩托车代车踏板车60V锂电池电瓶车代步车成人通勤锂质保5年新品碧波亮绿60V20AH锂电池可拆卸质保5年,6199,雷利来运动专营店,https://item.jd.com/52584167445.html,"['商品名称：新日R3高端（SUNRA）国标电动摩托车代车踏板车60V锂电池电瓶车代步车成人通勤锂质保5年新品碧波亮绿60V20AH锂电池可拆卸质保5年', '商品编号：52584167445', '店铺：', '商品毛重：80.0kg', '商品产地：中国大陆', '货号：R3', '理论时速：30km/h以上', '重量：40kg以上', '车型：电动摩托车', '轮圈尺寸：其它', '理论续航：41-60km', '是否可折叠：不可折叠', '额定功率：501-1000W', '电池容量：11-20AH', '电池类型：锂电池', '变速档位：2速/内二速', '电池电压：60V', '标准认证：CCC认证', '款式：两轮', '电池能否拆卸：不可拆卸', '适用人群：通用', '是否支持脚踏：不支持脚踏']",706530,评价10+,3.0,https://mall.jd.com/index-706530.html
2019-11-04,46392544068,新日（Sunra）电动车成人新款电动摩托车48V锂电智能运动款时尚炫酷踏板车K348V24AH锂电/极光炫白【青春版】,5199,新日电动车官方旗舰店,https://item.jd.com/46392544068.html,"['商品名称：新日（Sunra）电动车成人新款电动摩托车48V锂电智能运动款时尚炫酷踏板车K348V24AH锂电/极光炫白【青春版】', '商品编号：46392544068', '店铺：', '商品毛重：80.0kg', '商品产地：中国大陆', '货号：K3', '理论时速：30km/h以上', '重量：40kg以上', '车型：电动摩托车', '轮圈尺寸：10英寸', '理论续航：41-60km', '是否可折叠：不可折叠', '额定功率：501-1000W', '电池容量：21-30AH', '电池类型：锂电池', '变速档位：2速/内二速', '电池电压：48V', '标准认证：CCC认证', '款式：两轮', '电池能否拆卸：不可拆卸', '适用人群：通用', '是否支持脚踏：不支持脚踏']",65252,评价10+,3.5,https://mall.jd.com/index-65252.html
2019-11-04,11412549926,新日电动车电动自行车电动外卖成人踏板电瓶车武士油光黑升级款,2999,新日旗舰店,https://item.jd.com/11412549926.html,"['商品名称：新日电动车电动自行车电动外卖成人踏板电瓶车武士油光黑升级款', '商品编号：11412549926', '店铺：', '商品毛重：60.0kg', '商品产地：中国大陆', '货号：6326', '车型：电动自行车', '理论时速：21-30km/h', '额定功率：251-500W', '电池能否拆卸：不可拆卸', '电池容量：11-20AH', '理论续航：41-60km', '电池类型：铅酸电池', '重量：40kg以上', '电池电压：48V', '变速档位：其它', '适用人群：通用', '轮圈尺寸：14英寸', '是否可折叠：不可折叠', '款式：两轮', '是否支持脚踏：支持脚踏']",580599,评价900+,4.0,https://mall.jd.com/index-580599.html
2019-11-04,50915096941,新日米酷mikuMAX电动自行车电单助力车时尚60V20AMIKUMAX炫酷橙mikuMAX橙色,5599,新日绘前专卖店,https://item.jd.com/50915096941.html,"['商品名称：新日米酷mikuMAX电动自行车电单助力车时尚60V20AMIKUMAX炫酷橙mikuMAX橙色', '商品编号：50915096941', '店铺：', '商品毛重：20.0kg', '商品产地：中国大陆', '货号：米酷', '车型：电动摩托车', '理论时速：10-20km/h', '额定功率：250W及以下', '电池能否拆卸：不可拆卸', '电池容量：11-20AH', '理论续航：21-30km', '电池类型：其它', '重量：21-30kg', '电池电压：48V', '变速档位：单速', '适用人群：通用', '轮圈尺寸：其它', '是否可折叠：不可折叠', '款式：两轮', '是否支持脚踏：支持脚踏']",188101,评价0,4.5,https://mall.jd.com/index-188101.html
2019-11-04,30339943852,新日（SUNRA）电动车（清朗2号）新国标电动车自行车电动车原装正品电动车成人锂电池电动车3C认证油光深檀棕48V12AH锂电池,2499,雷利来运动专营店,https://item.jd.com/30339943852.html,"['商品名称：新日（SUNRA）电动车（清朗2号）新国标电动车自行车电动车原装正品电动车成人锂电池电动车3C认证油光深檀棕48V12AH锂电池', '商品编号：30339943852', '店铺：', '商品毛重：35.0kg', '商品产地：中国大陆', '货号：TDRZD-003Z清朗2号', '理论时速：21-30km/h', '重量：31-40kg', '车型：电动自行车', '轮圈尺寸：16英寸', '变速档位：2速/内二速', '是否可折叠：不可折叠', '额定功率：251-500W', '电池容量：11-20AH', '电池类型：锂电池', '适用人群：通用', '是否支持脚踏：支持脚踏', '电池电压：48V', '标准认证：CCC认证', '电池能否拆卸：可拆卸', '理论续航：41-60km', '款式：两轮', '上市时间：2019年春季']",706530,评价50+,3.0,https://mall.jd.com/index-706530.html
2019-11-04,48290524472,新日电动车成人男女双人电动自行车亲子情侣上班代步电瓶助力车升级小乐士新国标油光黑,2299,新日（徐州）专卖店,https://item.jd.com/48290524472.html,"['商品名称：新日电动车成人男女双人电动自行车亲子情侣上班代步电瓶助力车升级小乐士新国标油光黑', '商品编号：48290524472', '店铺：', '商品毛重：55.0kg', '商品产地：中国大陆', '货号：小乐士', '理论时速：10-20km/h', '重量：40kg以上', '电池能否拆卸：不可拆卸', '轮圈尺寸：10英寸', '理论续航：21-30km', '是否可折叠：不可折叠', '额定功率：251-500W', '维修方式：上门维修', '适用人群：通用', '电池类型：铅酸电池', '变速档位：单速', '是否支持脚踏：不支持脚踏', '电池电压：48V', '标准认证：CCC认证', '车型：电动自行车', '电池容量：10AH及以下', '款式：两轮', '上市时间：2018年冬季']",831656,评价10,4.0,https://mall.jd.com/index-831656.html
2019-11-04,50346482940,【门店服务】新日（Sunra）电动车成人电瓶车女性踏板车时尚都市代步车丽曼极光炫白【门店自提】,3099,新日阳光新日专卖店,https://item.jd.com/50346482940.html,"['商品名称：【门店服务】新日（Sunra）电动车成人电瓶车女性踏板车时尚都市代步车丽曼极光炫白【门店自提】', '商品编号：50346482940', '店铺：', '商品毛重：90.0kg', '商品产地：中国大陆', '货号：LOC-丽曼', '理论时速：30km/h以上', '重量：40kg以上', '车型：电动摩托车', '轮圈尺寸：10英寸', '理论续航：21-30km', '是否可折叠：不可折叠', '额定功率：251-500W', '电池容量：11-20AH', '电池类型：铅酸电池', '变速档位：单速，2速/内二速', '电池电压：48V', '标准认证：CCC认证', '款式：两轮', '电池能否拆卸：不可拆卸', '适用人群：通用', '是否支持脚踏：不支持脚踏']",796565,评价0,3.5,https://mall.jd.com/index-796565.html
2019-11-04,39894084244,新日启迪新国标锂电池电动车代步电瓶车踏板车滑板车电动自行车牡丹红,3499,新日新空专卖店,https://item.jd.com/39894084244.html,"['商品名称：新日启迪新国标锂电池电动车代步电瓶车踏板车滑板车电动自行车牡丹红', '商品编号：39894084244', '店铺：', '商品毛重：39.0kg', '货号：qidi001', '理论时速：10-20km/h', '重量：40kg以上', '车型：电动自行车', '轮圈尺寸：其它', '理论续航：21-30km', '是否可折叠：不可折叠', '额定功率：250W及以下', '电池容量：11-20AH', '电池类型：锂电池', '变速档位：其它', '电池电压：48V', '标准认证：CCC认证', '款式：两轮', '电池能否拆卸：可拆卸', '适用人群：通用', '是否支持脚踏：支持脚踏']",922695,评价50+,4.5,https://mall.jd.com/index-922695.html
2019-11-04,57745967198,新日R5高端新品（SUNRA）国标电动摩托车代车踏板车60V锂电池电瓶车代步车丢车包赔送保险黑色青春版,7199,雷利来运动专营店,https://item.jd.com/57745967198.html,"['商品名称：新日R5高端新品（SUNRA）国标电动摩托车代车踏板车60V锂电池电瓶车代步车丢车包赔送保险黑色青春版', '商品编号：57745967198', '店铺：', '商品毛重：90.0kg', '商品产地：中国大陆', '货号：R5', '理论时速：30km/h以上', '重量：40kg以上', '车型：电动摩托车', '变速档位：2速/内二速', '是否可折叠：不可折叠', '额定功率：1501-2000W', '电池容量：21-30AH', '电池类型：锂电池', '是否支持脚踏：不支持脚踏', '款式：两轮', '电池电压：60V', '标准认证：CCC认证', '理论续航：61-80km', '电池能否拆卸：可拆卸', '适用人群：通用', '上市时间：2019年秋季']",706530,评价2,3.0,https://mall.jd.com/index-706530.html
2019-11-04,32200971858,新日电动车成人男女通勤电动自行车上班通勤电动踏板车学生代步车小龟电瓶车踏板车卡布奇非国标可上牌香脂白48V23AH铅酸电池,3799,新日（徐州）专卖店,https://item.jd.com/32200971858.html,"['商品名称：新日电动车成人男女通勤电动自行车上班通勤电动踏板车学生代步车小龟电瓶车踏板车卡布奇非国标可上牌香脂白48V23AH铅酸电池', '商品编号：32200971858', '店铺：', '商品毛重：60.0kg', '商品产地：中国大陆', '货号：卡布奇', '理论时速：21-30km/h', '重量：40kg以上', '车型：电动自行车', '轮圈尺寸：10英寸', '理论续航：31-40km', '是否可折叠：不可折叠', '额定功率：501-1000W', '电池容量：21-30AH', '电池类型：铅酸电池', '变速档位：单速', '电池电压：48V', '标准认证：CCC认证', '款式：两轮', '电池能否拆卸：不可拆卸', '适用人群：通用', '是否支持脚踏：不支持脚踏']",831656,评价10,4.0,https://mall.jd.com/index-831656.html
2019-11-04,10781535732,新日Sunra折叠电动自行车锂电成人男女超轻便携迷你小型助力代驾代步电瓶车新款48V青春版-曜石黑助力续航40-50,2399,赛奔户外运动专营店,https://item.jd.com/10781535732.html,"['商品名称：新日Sunra折叠电动自行车锂电成人男女超轻便携迷你小型助力代驾代步电瓶车新款48V青春版-曜石黑助力续航40-50', '商品编号：10781535732', '店铺：', '商品毛重：26.0kg', '商品产地：中国大陆', '货号：Z3', '车型：电动自行车', '理论时速：21-30km/h', '额定功率：250W及以下', '电池能否拆卸：可拆卸', '电池容量：11-20AH', '理论续航：41-60km', '电池类型：锂电池', '重量：21-30kg', '电池电压：48V', '变速档位：单速', '适用人群：通用', '轮圈尺寸：14英寸', '是否可折叠：可折叠', '款式：两轮', '是否支持脚踏：支持脚踏']",118303,评价1700+,4.0,https://mall.jd.com/index-118303.html
2019-11-04,47625074214,新日电动车电瓶车电动自行车男女代步踏板车成人小型电动车米乐/小骑士PLUS电动滑板车简易款48v米菲珍珠白（新国标）,2699,新日创斯易专卖店,https://item.jd.com/47625074214.html,"['商品名称：新日电动车电瓶车电动自行车男女代步踏板车成人小型电动车米乐/小骑士PLUS电动滑板车简易款48v米菲珍珠白（新国标）', '商品编号：47625074214', '店铺：', '商品毛重：53.0kg', '商品产地：中国大陆', '货号：小骑士PLUS', '理论时速：21-30km/h', '重量：40kg以上', '车型：电动自行车', '轮圈尺寸：其它', '理论续航：21-30km，31-40km', '是否可折叠：不可折叠', '额定功率：250W及以下', '电池容量：11-20AH', '电池类型：铅酸电池', '变速档位：其它', '电池电压：48V', '标准认证：CCC认证', '款式：两轮', '电池能否拆卸：可拆卸', '适用人群：通用', '是否支持脚踏：支持脚踏']",758646,评价100+,4.5,https://mall.jd.com/index-758646.html
2019-11-04,58624436253,新日电动车H5新品（SUNRA）高端电摩成人电动摩托车助力车加长男女代步车72V32AH长跑王红色72V20AH续航约70公里,3880,雷利来运动专营店,https://item.jd.com/58624436253.html,"['商品名称：新日电动车H5新品（SUNRA）高端电摩成人电动摩托车助力车加长男女代步车72V32AH长跑王红色72V20AH续航约70公里', '商品编号：58624436253', '店铺：', '商品毛重：70.0kg', '商品产地：中国大陆', '货号：H5', '理论时速：30km/h以上', '重量：40kg以上', '车型：电动摩托车', '电池能否拆卸：不可拆卸', '理论续航：61-80km', '是否支持脚踏：不支持脚踏', '电池类型：铅酸电池', '电池电压：72V', '适用人群：通用', '变速档位：单速', '标准认证：CCC认证', '是否可折叠：不可折叠', '款式：两轮', '上市时间：2019年夏季']",706530,评价8,3.0,https://mall.jd.com/index-706530.html
2019-11-04,31772165907,新日电动车成人男女电动豪华运动踏板摩托车电动自行车外卖踏板电瓶车电动代步车黑豹5代香脂白鼓刹20A,3499,新日（徐州）专卖店,https://item.jd.com/31772165907.html,"['商品名称：新日电动车成人男女电动豪华运动踏板摩托车电动自行车外卖踏板电瓶车电动代步车黑豹5代香脂白鼓刹20A', '商品编号：31772165907', '店铺：', '商品毛重：120.0kg', '商品产地：中国大陆', '货号：黑豹5代', '理论时速：30km/h以上', '重量：40kg以上', '车型：电动摩托车', '轮圈尺寸：10英寸', '变速档位：单速', '是否可折叠：不可折叠', '额定功率：501-1000W', '维修方式：上门维修', '电池类型：铅酸电池', '理论续航：41-60km', '电池能否拆卸：不可拆卸', '电池电压：60V', '标准认证：CCC认证', '款式：两轮', '电池容量：11-20AH', '适用人群：通用', '是否支持脚踏：不支持脚踏']",831656,评价60+,4.0,https://mall.jd.com/index-831656.html
2019-11-04,11881426271,新日（SUNRA）新日电动车电动自行车电瓶车外卖电动车米乐油光雅灰/量子银,2999,新日旗舰店,https://item.jd.com/11881426271.html,"['商品名称：新日（SUNRA）新日电动车电动自行车电瓶车外卖电动车米乐油光雅灰/量子银', '商品编号：11881426271', '店铺：', '商品毛重：60.0kg', '商品产地：中国大陆', '货号：MIKU0', '款式：两轮', '额定功率：251-500W', '电池能否拆卸：可拆卸', '轮圈尺寸：10英寸', '车型：电动自行车', '电池类型：铅酸电池', '理论续航：31-40km', '重量：40kg以上', '变速档位：其它', '电池电压：48V', '适用人群：通用', '电池容量：11-20AH', '是否可折叠：不可折叠', '是否支持脚踏：支持脚踏']",580599,评价400+,4.0,https://mall.jd.com/index-580599.html
2019-11-04,52358093979,新日（Sunra）电动车锂电池功能车外卖快递团购车符合国标可上牌L7【定制车型】200台起,4666,新日电动车官方旗舰店,https://item.jd.com/52358093979.html,"['商品名称：新日（Sunra）电动车锂电池功能车外卖快递团购车符合国标可上牌L7【定制车型】200台起', '商品编号：52358093979', '店铺：', '商品毛重：90.0kg', '商品产地：中国大陆', '货号：L7', '理论时速：30km/h以上', '重量：40kg以上', '车型：电动自行车', '轮圈尺寸：16英寸', '理论续航：61-80km', '是否可折叠：不可折叠', '额定功率：251-500W', '电池容量：21-30AH', '电池类型：其它', '变速档位：单速，2速/内二速', '电池电压：48V', '标准认证：CCC认证', '款式：两轮', '电池能否拆卸：不可拆卸', '适用人群：通用', '是否支持脚踏：支持脚踏']",65252,评价0,3.5,https://mall.jd.com/index-65252.html
2019-11-04,34255085887,新日电动车男女通勤代步车电瓶车双人轻便助力踏板车情侣亲子电动自行车启迪新国标锂电池电镀银4812,3199,新日（徐州）专卖店,https://item.jd.com/34255085887.html,"['商品名称：新日电动车男女通勤代步车电瓶车双人轻便助力踏板车情侣亲子电动自行车启迪新国标锂电池电镀银4812', '商品编号：34255085887', '店铺：', '商品毛重：39.8kg', '商品产地：中国大陆', '货号：启迪', '理论时速：10-20km/h', '重量：31-40kg', '车型：电动自行车', '轮圈尺寸：8英寸', '变速档位：单速', '是否可折叠：不可折叠', '额定功率：251-500W', '维修方式：上门维修', '电池类型：锂电池', '理论续航：10-20km', '电池能否拆卸：可拆卸', '电池电压：48V', '标准认证：CCC认证', '款式：两轮', '电池容量：11-20AH', '适用人群：通用', '是否支持脚踏：支持脚踏']",831656,评价20+,4.0,https://mall.jd.com/index-831656.html
2019-11-04,45853056503,新日（Sunra）电动车成人电瓶车电动摩托车外卖踏板车两轮代步车60V32Ah运动款黑豹系列钢琴黑/哑光黑,5999,新日绘前专卖店,https://item.jd.com/45853056503.html,"['商品名称：新日（Sunra）电动车成人电瓶车电动摩托车外卖踏板车两轮代步车60V32Ah运动款黑豹系列钢琴黑/哑光黑', '商品编号：45853056503', '店铺：', '商品毛重：50.0kg', '商品产地：中国大陆', '货号：黑豹PLUS-雪豹', '车型：电动摩托车', '理论时速：30km/h以上', '额定功率：501W-1000W', '电池能否拆卸：不可拆卸', '电池类别：铅酸电池', '理论续航：61-80km，80km以上', '重量：40kg以上', '电池电压：60V', '适用人群：通用', '变速档位：2速/内二速', '电池容量：31-40AH', '能否折叠：不可折叠', '轮圈尺寸：10英寸', '款式：两轮', '是否支持脚踏：否']",188101,评价0,4.5,https://mall.jd.com/index-188101.html
2019-11-04,27898702827,新日M1新品（SUNRA）新款电动自行车折叠电动车代步代驾车助力男女式14寸48V15AH电瓶车白色48V15AH高端专业版,3499,雷利来运动专营店,https://item.jd.com/27898702827.html,"['商品名称：新日M1新品（SUNRA）新款电动自行车折叠电动车代步代驾车助力男女式14寸48V15AH电瓶车白色48V15AH高端专业版', '商品编号：27898702827', '店铺：', '商品毛重：40.0kg', '商品产地：中国大陆', '货号：TDTZH-030代驾车', '理论时速：21-30km/h', '重量：21-30kg', '车型：电动自行车', '轮圈尺寸：14英寸', '变速档位：单速', '是否可折叠：可折叠', '额定功率：251-500W', '电池容量：11-20AH', '电池类型：锂电池', '适用人群：通用', '是否支持脚踏：支持脚踏', '电池电压：48V', '标准认证：CCC认证', '电池能否拆卸：可拆卸', '理论续航：61-80km', '款式：两轮', '上市时间：2019年夏季']",706530,评价400+,3.0,https://mall.jd.com/index-706530.html
2019-11-04,50980946466,【门店服务】新日（Sunra）电动车电动自行车双人锂电版踏板代步成人电瓶车舞感TDXZD-415碧波清绿,2899,新日阳光新日专卖店,https://item.jd.com/50980946466.html,"['商品名称：【门店服务】新日（Sunra）电动车电动自行车双人锂电版踏板代步成人电瓶车舞感TDXZD-415碧波清绿', '商品编号：50980946466', '店铺：', '商品毛重：90.0kg', '商品产地：中国大陆', '货号：LOC-舞感', '理论时速：21-30km/h', '重量：40kg以上', '车型：电动自行车', '轮圈尺寸：8英寸', '理论续航：21-30km', '是否可折叠：不可折叠', '额定功率：251-500W', '电池容量：11-20AH', '电池类型：锂电池', '变速档位：单速', '电池电压：48V', '标准认证：CCC认证', '款式：两轮', '电池能否拆卸：可拆卸', '适用人群：通用', '是否支持脚踏：支持脚踏']",796565,评价0,3.5,https://mall.jd.com/index-796565.html
2019-11-04,50982987270,新日电动车电动摩托车成人男女双人电瓶车小巧可进电梯踏板助力车缤丽香脂白60V20AH,3599,新日（徐州）专卖店,https://item.jd.com/50982987270.html,"['商品名称：新日电动车电动摩托车成人男女双人电瓶车小巧可进电梯踏板助力车缤丽香脂白60V20AH', '商品编号：50982987270', '店铺：', '商品毛重：55.0kg', '商品产地：中国大陆', '货号：缤丽', '理论时速：21-30km/h', '重量：40kg以上', '电池能否拆卸：不可拆卸', '轮圈尺寸：10英寸', '理论续航：41-60km', '是否可折叠：不可折叠', '额定功率：501-1000W', '维修方式：上门维修', '适用人群：通用', '电池类型：铅酸电池', '变速档位：单速', '是否支持脚踏：不支持脚踏', '电池电压：60V', '标准认证：CCC认证', '车型：电动摩托车', '电池容量：11-20AH', '款式：两轮', '上市时间：2019年夏季']",831656,评价0,4.0,https://mall.jd.com/index-831656.html
2019-11-04,41953559408,新日（Sunra）电动车新国标48V电瓶车新国标电动自行车轻便时尚代步车小武士TDTZD-405彩天蓝【新国标版】,2299,新日神骓专卖店,https://item.jd.com/41953559408.html,"['商品名称：新日（Sunra）电动车新国标48V电瓶车新国标电动自行车轻便时尚代步车小武士TDTZD-405彩天蓝【新国标版】', '商品编号：41953559408', '店铺：', '商品毛重：55.0kg', '商品产地：中国大陆', '货号：小武士', '理论时速：21-30km/h', '重量：40kg以上', '车型：电动自行车', '轮圈尺寸：14英寸', '理论续航：31-40km', '是否可折叠：不可折叠', '电池容量：11-20AH', '电池类型：铅酸电池', '是否支持脚踏：支持脚踏', '款式：两轮', '电池电压：48V', '标准认证：CCC认证', '变速档位：单速', '电池能否拆卸：不可拆卸', '适用人群：通用', '上市时间：2019年春季']",893500,评价20+,4.0,https://mall.jd.com/index-893500.html
2019-11-04,43720170078,新日（Sunra）电动车新国标48V双人亲子成人小型电瓶车可提取充电情侣电动自行车带脚踏米乐油光雅灰48V,2699,新日合创时代专卖店,https://item.jd.com/43720170078.html,"['商品名称：新日（Sunra）电动车新国标48V双人亲子成人小型电瓶车可提取充电情侣电动自行车带脚踏米乐油光雅灰48V', '商品编号：43720170078', '店铺：', '商品毛重：40.0kg', '商品产地：中国大陆', '货号：0320002', '理论时速：21-30km/h', '重量：40kg以上', '车型：电动自行车', '轮圈尺寸：10英寸', '理论续航：21-30km', '是否可折叠：不可折叠', '额定功率：251-500W', '电池容量：11-20AH', '电池类型：铅酸电池', '变速档位：单速', '电池电压：48V', '标准认证：CCC认证', '款式：两轮', '电池能否拆卸：不可拆卸', '适用人群：通用', '是否支持脚踏：不支持脚踏']",962912,评价10+,4.0,https://mall.jd.com/index-962912.html
2019-11-04,46712610813,新日（Sunra）电动车成人电瓶车新国标电动摩托车60V豪华城市运动款男女两轮踏板车黑豹5代60V20AH哑光深银灰,5999,新日绘前专卖店,https://item.jd.com/46712610813.html,"['商品名称：新日（Sunra）电动车成人电瓶车新国标电动摩托车60V豪华城市运动款男女两轮踏板车黑豹5代60V20AH哑光深银灰', '商品编号：46712610813', '店铺：', '商品毛重：40.0kg', '商品产地：中国大陆', '货号：1250', '车型：电动摩托车', '理论时速：21-30km/h', '额定功率：250W及以内', '电池能否拆卸：可拆卸', '电池容量：11-20AH', '理论续航：31-40km，41-60km', '电池类型：铅酸电池', '重量：40kg以上', '电池电压：48V，60V', '变速档位：其它', '适用人群：通用', '轮圈尺寸：其它', '是否可折叠：可折叠', '款式：两轮', '是否支持脚踏：支持脚踏']",188101,评价0,4.5,https://mall.jd.com/index-188101.html
2019-11-04,52607475073,新日电动电瓶车摩托车48V锂电池K3小翼虎智能成年双人代步踏板车钢琴黑青春版,5099,新日电动车专卖店,https://item.jd.com/52607475073.html,"['商品名称：新日电动电瓶车摩托车48V锂电池K3小翼虎智能成年双人代步踏板车钢琴黑青春版', '商品编号：52607475073', '店铺：', '商品毛重：40.0kg', '货号：K3小翼虎', '重量：40kg以上', '电池能否拆卸：不可拆卸', '款式：两轮', '车型：电动摩托车', '电池类型：锂电池', '理论续航：80km以上', '是否可折叠：不可折叠', '电池电压：48V', '标准认证：CCC认证', '变速档位：单速', '适用人群：通用', '是否支持脚踏：不支持脚踏']",893349,评价0,4.5,https://mall.jd.com/index-893349.html
2019-11-04,46610205659,新日（Sunra）电动车摩托车新款电摩成人电瓶车60V运动款双人豪华代步车踏板车黑豹Plus钢琴黑/哑光铁黑【60V32AH续航90KM】,3699,新日阳光新日专卖店,https://item.jd.com/46610205659.html,"['商品名称：新日（Sunra）电动车摩托车新款电摩成人电瓶车60V运动款双人豪华代步车踏板车黑豹Plus钢琴黑/哑光铁黑【60V32AH续航90KM】', '商品编号：46610205659', '店铺：', '商品毛重：80.0kg', '商品产地：中国大陆', '货号：雪豹', '理论时速：30km/h以上', '重量：40kg以上', '车型：电动摩托车', '轮圈尺寸：10英寸', '理论续航：80km以上', '是否可折叠：不可折叠', '额定功率：501-1000W', '电池容量：11-20AH', '电池类型：铅酸电池', '变速档位：2速/内二速', '电池电压：60V', '标准认证：CCC认证', '款式：两轮', '电池能否拆卸：不可拆卸', '适用人群：通用', '是否支持脚踏：不支持脚踏']",796565,评价0,3.5,https://mall.jd.com/index-796565.html
2019-11-04,43750570835,新日（Sunra）电动车电动代步车电瓶车踏板车电动自行车48V12Ah启迪油光黑48V,3399,新日合创时代专卖店,https://item.jd.com/43750570835.html,"['商品名称：新日（Sunra）电动车电动代步车电瓶车踏板车电动自行车48V12Ah启迪油光黑48V', '商品编号：43750570835', '店铺：', '商品毛重：40.0kg', '商品产地：中国大陆', '货号：0321001', '理论时速：21-30km/h', '重量：31-40kg', '车型：电动自行车', '轮圈尺寸：8英寸', '理论续航：21-30km', '是否可折叠：不可折叠', '额定功率：250W及以下', '电池容量：11-20AH', '电池类型：锂电池', '变速档位：单速', '电池电压：48V', '标准认证：CCC认证', '款式：两轮', '电池能否拆卸：可拆卸', '适用人群：通用', '是否支持脚踏：支持脚踏']",962912,评价10+,4.0,https://mall.jd.com/index-962912.html
2019-11-04,45255040824,新日电动车黑豹PULS成人男女电动摩托车外卖踏板电瓶车电动滑板车双人情侣代步电动自行车雪豹钢琴黑雪豹款）32A,4299,新日（徐州）专卖店,https://item.jd.com/45255040824.html,"['商品名称：新日电动车黑豹PULS成人男女电动摩托车外卖踏板电瓶车电动滑板车双人情侣代步电动自行车雪豹钢琴黑雪豹款）32A', '商品编号：45255040824', '店铺：', '商品毛重：120.0kg', '商品产地：中国大陆', '货号：黑豹PULS', '理论时速：30km/h以上', '重量：40kg以上', '车型：电动摩托车', '轮圈尺寸：10英寸', '变速档位：单速', '是否可折叠：不可折叠', '额定功率：1001-1500W', '维修方式：上门维修', '电池类型：铅酸电池', '理论续航：61-80km', '电池能否拆卸：不可拆卸', '电池电压：60V', '标准认证：CCC认证', '款式：两轮', '电池容量：21-30AH', '适用人群：通用', '是否支持脚踏：不支持脚踏']",831656,评价0,4.0,https://mall.jd.com/index-831656.html
2019-11-04,58382438570,,2699,新日新空专卖店,https://item.jd.com/58382438570.html,"['商品名称：新日（Sunra）电动车成人新国标电动自行车48V电瓶车新款小型迷你代步车简易款小猛士极光炫白', '商品编号：58382438570', '店铺：', '商品毛重：52.0kg', '商品产地：中国大陆', '货号：xiaomengshi', '理论时速：21-30km/h', '重量：40kg以上', '电池能否拆卸：不可拆卸', '车型：电动自行车', '理论续航：31-40km', '电池类型：铅酸电池', '是否可折叠：不可折叠', '电池电压：48V', '变速档位：其它', '标准认证：CCC认证', '款式：两轮', '适用人群：通用', '是否支持脚踏：支持脚踏']",922695,评价0,4.5,https://mall.jd.com/index-922695.html
2019-11-04,45988921980,新日电动车新国标电动自行车电动外卖成人踏板电瓶车小型迷你双人男女代步车小武士油光黑升级款,4999,新日绘前专卖店,https://item.jd.com/45988921980.html,"['商品名称：新日电动车新国标电动自行车电动外卖成人踏板电瓶车小型迷你双人男女代步车小武士油光黑升级款', '商品编号：45988921980', '店铺：', '商品毛重：50.0kg', '商品产地：中国大陆', '货号：小武士', '车型：电动自行车', '理论时速：21-30km/h', '额定功率：250W及以下', '电池能否拆卸：不可拆卸', '电池容量：11-20AH', '理论续航：41-60km', '电池类型：铅酸电池', '重量：40kg以上', '电池电压：48V', '变速档位：其它', '适用人群：通用', '轮圈尺寸：14英寸', '是否可折叠：不可折叠', '款式：两轮', '是否支持脚踏：支持脚踏']",188101,评价0,4.5,https://mall.jd.com/index-188101.html
2019-11-04,47471102060,新日（SUNRA）电动车新款电摩成人电瓶车48V运动款双人豪华代步车踏板车K3极光炫白,4999,新日合创时代专卖店,https://item.jd.com/47471102060.html,"['商品名称：新日（SUNRA）电动车新款电摩成人电瓶车48V运动款双人豪华代步车踏板车K3极光炫白', '商品编号：47471102060', '店铺：', '商品毛重：40.0kg', '货号：K3小翼虎', '理论时速：30km/h以上', '额定功率：251-500W', '电池能否拆卸：不可拆卸', '轮圈尺寸：14英寸', '车型：电动摩托车', '电池类型：锂电池', '理论续航：21-30km，31-40km', '重量：40kg以上', '变速档位：单速，2速/内二速', '电池电压：48V', '适用人群：通用', '是否可折叠：不可折叠', '款式：两轮', '是否支持脚踏：不支持脚踏']",962912,评价0,4.0,https://mall.jd.com/index-962912.html
2019-11-04,44227289785,新日电动车电动自行车锂电池成人外卖踏板电瓶车启迪油光黑,3399,新日旗舰店,https://item.jd.com/44227289785.html,"['商品名称：新日电动车电动自行车锂电池成人外卖踏板电瓶车启迪油光黑', '商品编号：44227289785', '店铺：', '商品毛重：60.0kg', '商品产地：中国大陆', '货号：0002', '车型：电动自行车', '理论时速：21-30km/h', '额定功率：251-500W', '电池能否拆卸：可拆卸', '电池容量：11-20AH', '理论续航：31-40km', '电池类型：锂电池', '重量：40kg以上', '电池电压：48V', '变速档位：其它', '适用人群：通用', '轮圈尺寸：其它', '是否可折叠：不可折叠', '款式：两轮', '是否支持脚踏：支持脚踏']",580599,评价0,4.0,https://mall.jd.com/index-580599.html
2019-11-04,53678506446,新日（Sunra）电动车成人电瓶车新国标电动自行车48V锂电池轻便时尚代步车可提取充电启迪电镀银（新国标）,3799,新日创斯易专卖店,https://item.jd.com/53678506446.html,"['商品名称：新日（Sunra）电动车成人电瓶车新国标电动自行车48V锂电池轻便时尚代步车可提取充电启迪电镀银（新国标）', '商品编号：53678506446', '店铺：', '商品毛重：48.5kg', '商品产地：中国大陆', '货号：启迪', '理论时速：10-20km/h', '重量：40kg以上', '车型：电动自行车', '轮圈尺寸：其它', '理论续航：21-30km，31-40km', '是否可折叠：不可折叠', '额定功率：251-500W', '电池容量：11-20AH', '电池类型：锂电池', '变速档位：其它', '电池电压：48V', '标准认证：CCC认证', '款式：两轮', '电池能否拆卸：可拆卸', '适用人群：通用', '是否支持脚踏：支持脚踏']",758646,评价0,4.5,https://mall.jd.com/index-758646.html
2019-11-04,55736660437,新日（Sunra）电动车成人电瓶车电动自行车轻便迷你都市代步车48V带脚踏珍珠白,2499,新日绘前专卖店,https://item.jd.com/55736660437.html,"['商品名称：新日（Sunra）电动车成人电瓶车电动自行车轻便迷你都市代步车48V带脚踏珍珠白', '商品编号：55736660437', '店铺：', '商品毛重：30.0kg', '商品产地：中国大陆', '货号：米尚', '款式：两轮', '额定功率：251-500W', '电池能否拆卸：不可拆卸', '轮圈尺寸：14英寸', '车型：电动自行车', '电池类型：铅酸电池', '理论续航：21-30km，31-40km', '重量：21-30kg', '变速档位：单速', '电池电压：48V', '适用人群：通用', '电池容量：11-20AH', '是否可折叠：不可折叠', '是否支持脚踏：支持脚踏']",188101,评价0,4.5,https://mall.jd.com/index-188101.html
2019-11-04,58579410391,新日电动车成人新款电动摩托车48V锂电智能运动款时尚炫酷踏板车极光炫白（青春版）,4899,新日（徐州）专卖店,https://item.jd.com/58579410391.html,"['商品名称：新日电动车成人新款电动摩托车48V锂电智能运动款时尚炫酷踏板车极光炫白（青春版）', '商品编号：58579410391', '店铺：', '商品毛重：80.0kg', '商品产地：中国大陆', '货号：K3', '理论时速：30km/h以上', '重量：40kg以上', '电池能否拆卸：不可拆卸', '轮圈尺寸：10英寸', '理论续航：41-60km', '是否可折叠：不可折叠', '额定功率：501-1000W', '维修方式：上门维修', '适用人群：通用', '电池类型：锂电池', '变速档位：2速/内二速', '是否支持脚踏：不支持脚踏', '电池电压：48V', '标准认证：CCC认证', '车型：电动摩托车', '电池容量：21-30AH', '款式：两轮', '上市时间：2019年夏季']",831656,评价0,4.0,https://mall.jd.com/index-831656.html
2019-11-04,48661678639,新日（Sunra）电动车折叠电动自行车新款成人代驾助力小型便携电瓶锂电池城市代步哑光摩力黑12AH/DC1助力续航约90公里,2499,新日神骓专卖店,https://item.jd.com/48661678639.html,"['商品名称：新日（Sunra）电动车折叠电动自行车新款成人代驾助力小型便携电瓶锂电池城市代步哑光摩力黑12AH/DC1助力续航约90公里', '商品编号：48661678639', '店铺：', '商品毛重：30.0kg', '商品产地：中国大陆', '货号：F9', '理论时速：21-30km/h', '重量：31-40kg', '车型：电动自行车', '轮圈尺寸：12英寸', '变速档位：单速', '是否可折叠：可折叠', '额定功率：250W及以下', '电池容量：11-20AH', '电池类型：锂电池', '适用人群：通用', '是否支持脚踏：支持脚踏', '电池电压：48V', '标准认证：CCC认证', '电池能否拆卸：可拆卸', '理论续航：41-60km', '款式：两轮', '上市时间：2019年春季']",893500,评价70+,4.0,https://mall.jd.com/index-893500.html
2019-11-04,46307740769,新日电动自行车可提取电池迷你时尚外卖电动车情侣亲子款双人成人男女代步踏板车小型电瓶车米乐米乐油光雅灰/量子银,2999,新日绘前专卖店,https://item.jd.com/46307740769.html,"['商品名称：新日电动自行车可提取电池迷你时尚外卖电动车情侣亲子款双人成人男女代步踏板车小型电瓶车米乐米乐油光雅灰/量子银', '商品编号：46307740769', '店铺：', '商品毛重：40.0kg', '商品产地：中国大陆', '货号：米乐', '车型：电动自行车', '理论时速：21-30km/h', '额定功率：250W及以下', '电池能否拆卸：可拆卸', '电池容量：11-20AH', '理论续航：31-40km，41-60km', '电池类型：铅酸电池', '重量：40kg以上', '电池电压：48V', '变速档位：其它', '适用人群：通用', '轮圈尺寸：12英寸', '是否可折叠：不可折叠', '款式：两轮', '是否支持脚踏：支持脚踏']",188101,评价0,4.5,https://mall.jd.com/index-188101.html
2019-11-04,39405949889,新日电动车男女踏板车小型迷你学生通用通勤代步车双人电瓶车双减震电动自行车新国标米粒48V12Ah碧波清绿锂电,2399,新日（徐州）专卖店,https://item.jd.com/39405949889.html,"['商品名称：新日电动车男女踏板车小型迷你学生通用通勤代步车双人电瓶车双减震电动自行车新国标米粒48V12Ah碧波清绿锂电', '商品编号：39405949889', '店铺：', '商品毛重：53.0kg', '商品产地：中国大陆', '货号：米粒', '理论时速：21-30km/h', '重量：40kg以上', '车型：电动自行车', '轮圈尺寸：10英寸', '变速档位：单速', '是否可折叠：不可折叠', '额定功率：251-500W', '维修方式：上门维修', '电池类型：锂电池，铅酸电池', '理论续航：31-40km', '电池能否拆卸：可拆卸', '电池电压：48V', '标准认证：CCC认证', '款式：两轮', '电池容量：11-20AH', '适用人群：通用', '是否支持脚踏：支持脚踏']",831656,评价0,4.0,https://mall.jd.com/index-831656.html
2019-11-04,42674220897,新日（Sunra）双人电动车成人电瓶车新国标男女式电动自行车轻便迷你代步车48V电池可拆卸米乐珍珠白/油光黑【新国标】,2499,新日阳光新日专卖店,https://item.jd.com/42674220897.html,"['商品名称：新日（Sunra）双人电动车成人电瓶车新国标男女式电动自行车轻便迷你代步车48V电池可拆卸米乐珍珠白/油光黑【新国标】', '商品编号：42674220897', '店铺：', '商品毛重：53.0kg', '商品产地：中国大陆', '货号：米乐', '车型：电动自行车', '理论时速：21-30km/h', '理论续航：31-40km', '电池能否拆卸：可拆卸', '电池容量：11-20AH', '重量：40kg以上', '电池类型：铅酸电池', '电池电压：48V', '适用人群：通用', '变速档位：单速', '标准认证：CCC认证', '是否可折叠：不可折叠', '轮圈尺寸：14英寸', '款式：两轮', '是否支持脚踏：支持脚踏']",796565,评价0,3.5,https://mall.jd.com/index-796565.html
2019-11-04,58623927052,新日电动车（SUNRA）新品捷途锂电池48V20AH大容量锂电池代步车电瓶车电动助力车新国标电动车红色48V20AH锂电池,3599,雷利来运动专营店,https://item.jd.com/58623927052.html,"['商品名称：新日电动车（SUNRA）新品捷途锂电池48V20AH大容量锂电池代步车电瓶车电动助力车新国标电动车红色48V20AH锂电池', '商品编号：58623927052', '店铺：', '商品毛重：48.8kg', '商品产地：中国大陆', '货号：TDTZD-424捷途', '车型：电动自行车', '理论时速：21-30km/h', '额定功率：251-500W', '电池能否拆卸：可拆卸', '电池容量：11-20AH', '理论续航：61-80km', '电池类型：锂电池', '适用人群：通用', '电池电压：48V', '变速档位：单速', '标准认证：CCC认证', '重量：40kg以上', '是否可折叠：不可折叠', '款式：两轮', '是否支持脚踏：支持脚踏']",706530,评价0,3.0,https://mall.jd.com/index-706530.html
2019-11-04,42353298083,新日新国标认证米乐电动车小型女性成人电瓶车双人代步可提取电池迷你时尚TDTZD-404油光雅灰/量子银,2399,新日电动车专卖店,https://item.jd.com/42353298083.html,"['商品名称：新日新国标认证米乐电动车小型女性成人电瓶车双人代步可提取电池迷你时尚TDTZD-404油光雅灰/量子银', '商品编号：42353298083', '店铺：', '商品毛重：45.0kg', '商品产地：中国大陆', '货号：米乐', '理论时速：10-20km/h', '重量：31-40kg', '车型：电动自行车', '轮圈尺寸：其它', '理论续航：21-30km', '是否可折叠：不可折叠', '额定功率：251-500W', '电池容量：11-20AH', '电池类型：铅酸电池', '变速档位：其它', '电池电压：48V', '标准认证：CCC认证', '款式：两轮', '电池能否拆卸：可拆卸', '适用人群：通用', '是否支持脚踏：支持脚踏']",893349,评价0,4.5,https://mall.jd.com/index-893349.html
2019-11-04,58114727963,新日电动车电动车亲子成人新国标电动自行车48V电瓶车新款小型迷你代步滑板车简易款小猛士哑光摩力黑,2599,新日（徐州）专卖店,https://item.jd.com/58114727963.html,"['商品名称：新日电动车电动车亲子成人新国标电动自行车48V电瓶车新款小型迷你代步滑板车简易款小猛士哑光摩力黑', '商品编号：58114727963', '店铺：', '商品毛重：55.0kg', '商品产地：中国大陆', '货号：小猛士', '理论时速：21-30km/h', '重量：40kg以上', '电池能否拆卸：不可拆卸', '轮圈尺寸：10英寸', '理论续航：21-30km', '是否可折叠：不可折叠', '额定功率：251-500W', '维修方式：上门维修', '适用人群：通用', '电池类型：铅酸电池', '变速档位：单速', '是否支持脚踏：支持脚踏', '电池电压：48V', '标准认证：CCC认证', '车型：电动自行车', '电池容量：11-20AH', '款式：两轮', '上市时间：2019年秋季']",831656,评价0,4.0,https://mall.jd.com/index-831656.html
2019-11-04,55635968792,新日（Sunra）电动车折叠电动自行车新国标锂电成人男女迷你单车助力电瓶车代驾车哑光摩力黑DC1助力续航约90公里,2399,新日阳光新日专卖店,https://item.jd.com/55635968792.html,"['商品名称：新日（Sunra）电动车折叠电动自行车新国标锂电成人男女迷你单车助力电瓶车代驾车哑光摩力黑DC1助力续航约90公里', '商品编号：55635968792', '店铺：', '商品毛重：40.0kg', '商品产地：中国大陆', '货号：DC1', '理论时速：21-30km/h', '重量：21-30kg', '电池能否拆卸：可拆卸', '车型：折叠电动车', '理论续航：31-40km', '电池类型：锂电池', '是否可折叠：可折叠', '电池电压：48V', '变速档位：单速', '标准认证：CCC认证', '款式：两轮', '适用人群：通用', '是否支持脚踏：支持脚踏']",796565,评价10+,3.5,https://mall.jd.com/index-796565.html
2019-11-04,46394476879,新日电动车成人男女双人电动自行车亲子情侣代步电动踏板车小巧通勤滑板助力电瓶车锂电舞感碧波清绿,2599,新日（徐州）专卖店,https://item.jd.com/46394476879.html,"['商品名称：新日电动车成人男女双人电动自行车亲子情侣代步电动踏板车小巧通勤滑板助力电瓶车锂电舞感碧波清绿', '商品编号：46394476879', '店铺：', '商品毛重：55.0kg', '商品产地：中国大陆', '货号：舞感', '理论时速：21-30km/h', '重量：40kg以上', '车型：电动自行车', '轮圈尺寸：8英寸', '变速档位：单速', '是否可折叠：不可折叠', '额定功率：251-500W', '电池容量：11-20AH', '电池类型：锂电池', '适用人群：通用', '是否支持脚踏：支持脚踏', '电池电压：48V', '标准认证：CCC认证', '电池能否拆卸：可拆卸', '理论续航：21-30km', '款式：两轮', '上市时间：2019年春季']",831656,评价1,4.0,https://mall.jd.com/index-831656.html
2019-11-04,42698798136,新日电动车新国标成人男女上班双人迷你轻巧电动自行车学生代步电动滑板车亲子情侣踏板车脚蹬电瓶车米乐珍珠白/油光黑,2299,新日（徐州）专卖店,https://item.jd.com/42698798136.html,"['商品名称：新日电动车新国标成人男女上班双人迷你轻巧电动自行车学生代步电动滑板车亲子情侣踏板车脚蹬电瓶车米乐珍珠白/油光黑', '商品编号：42698798136', '店铺：', '商品毛重：45.0kg', '商品产地：中国大陆', '货号：米乐', '理论时速：21-30km/h', '重量：40kg以上', '车型：电动自行车', '轮圈尺寸：12英寸', '理论续航：31-40km', '是否可折叠：不可折叠', '额定功率：251-500W', '维修方式：上门维修', '电池类型：铅酸电池', '变速档位：单速', '电池电压：48V', '款式：两轮', '电池容量：11-20AH', '电池能否拆卸：可拆卸', '适用人群：通用', '是否支持脚踏：支持脚踏']",831656,评价0,4.0,https://mall.jd.com/index-831656.html
2019-11-04,45231423880,新日电动车电动自行车滑板车成人外卖电瓶车迷你哈雷摩托车电单车新国标电镀银,3599,新日靖斯专卖店,https://item.jd.com/45231423880.html,"['商品名称：新日电动车电动自行车滑板车成人外卖电瓶车迷你哈雷摩托车电单车新国标电镀银', '商品编号：45231423880', '店铺：', '商品毛重：38.0kg', '商品产地：中国大陆', '货号：启迪', '理论时速：21-30km/h', '重量：31-40kg', '车型：电动自行车', '轮圈尺寸：10英寸', '变速档位：单速', '是否可折叠：不可折叠', '额定功率：251-500W', '电池容量：11-20AH', '电池类型：锂电池', '适用人群：通用', '是否支持脚踏：支持脚踏', '电池电压：48V', '标准认证：CCC认证', '电池能否拆卸：可拆卸', '理论续航：41-60km，61-80km', '款式：两轮', '上市时间：2019年春季']",977896,评价6,3.5,https://mall.jd.com/index-977896.html
2019-11-04,45658743048,新日电动车电动自行车滑板车成人外卖电瓶车迷你哈雷摩托车电单车新国标幽情海蓝/珍珠白,3099,新日靖斯专卖店,https://item.jd.com/45658743048.html,"['商品名称：新日电动车电动自行车滑板车成人外卖电瓶车迷你哈雷摩托车电单车新国标幽情海蓝/珍珠白', '商品编号：45658743048', '店铺：', '商品毛重：45.0kg', '商品产地：中国大陆', '货号：米乐', '理论时速：21-30km/h', '重量：40kg以上', '车型：电动自行车', '变速档位：2速/内二速', '是否可折叠：不可折叠', '额定功率：251-500W', '电池容量：11-20AH', '电池类型：铅酸电池', '是否支持脚踏：支持脚踏', '款式：两轮', '电池电压：48V', '标准认证：CCC认证', '理论续航：41-60km', '电池能否拆卸：可拆卸', '适用人群：通用', '上市时间：2019年春季']",977896,评价4,3.5,https://mall.jd.com/index-977896.html
2019-11-04,45544547014,新日电动车电动自行车滑板车成人外卖电瓶车迷你哈雷摩托车电单车新国标米粒4812锂玉光白,3199,新日靖斯专卖店,https://item.jd.com/45544547014.html,"['商品名称：新日电动车电动自行车滑板车成人外卖电瓶车迷你哈雷摩托车电单车新国标米粒4812锂玉光白', '商品编号：45544547014', '店铺：', '商品毛重：41.0kg', '商品产地：中国大陆', '货号：米粒锂电', '理论时速：21-30km/h', '重量：40kg以上', '车型：电动自行车', '轮圈尺寸：10英寸', '变速档位：单速', '是否可折叠：不可折叠', '额定功率：251-500W', '电池容量：11-20AH', '电池类型：锂电池', '适用人群：通用', '是否支持脚踏：支持脚踏', '电池电压：48V', '标准认证：CCC认证', '电池能否拆卸：可拆卸', '理论续航：61-80km', '款式：两轮', '上市时间：2019年春季']",977896,评价30+,3.5,https://mall.jd.com/index-977896.html
2019-11-04,45192451686,新日电动车电动自行车滑板车成人外卖电瓶车迷你哈雷摩托车电单车国标缤丽60V20A香脂白,3999,新日靖斯专卖店,https://item.jd.com/45192451686.html,"['商品名称：新日电动车电动自行车滑板车成人外卖电瓶车迷你哈雷摩托车电单车国标缤丽60V20A香脂白', '商品编号：45192451686', '店铺：', '商品毛重：80.0kg', '商品产地：中国大陆', '货号：缤丽', '理论时速：30km/h以上', '重量：40kg以上', '车型：电动摩托车', '轮圈尺寸：10英寸', '变速档位：单速', '是否可折叠：不可折叠', '额定功率：501-1000W', '电池容量：11-20AH', '电池类型：铅酸电池', '适用人群：通用', '是否支持脚踏：不支持脚踏', '电池电压：60V', '标准认证：CCC认证', '电池能否拆卸：不可拆卸', '理论续航：61-80km', '款式：两轮', '上市时间：2019年春季']",977896,评价70+,3.5,https://mall.jd.com/index-977896.html
2019-11-04,45032794064,新日电动车电动自行车滑板车成人外卖电瓶车迷你哈雷摩托车电单车国标60V20A哑光深银灰新品升级,3799,新日靖斯专卖店,https://item.jd.com/45032794064.html,"['商品名称：新日电动车电动自行车滑板车成人外卖电瓶车迷你哈雷摩托车电单车国标60V20A哑光深银灰新品升级', '商品编号：45032794064', '店铺：', '商品毛重：80.0kg', '商品产地：中国大陆', '货号：黑豹', '车型：电动摩托车', '理论时速：30km/h以上', '额定功率：501-1000W', '电池能否拆卸：不可拆卸', '理论续航：61-80km，80km以上', '上市时间：2019年春季', '电池类型：铅酸电池', '电池电压：60V', '适用人群：通用', '变速档位：单速，2速/内二速', '标准认证：CCC认证', '重量：40kg以上', '是否可折叠：不可折叠', '款式：两轮', '是否支持脚踏：不支持脚踏']",977896,评价3,3.5,https://mall.jd.com/index-977896.html
2019-11-04,47908733510,新日电动车电动自行车滑板车成人外卖电瓶车迷你哈雷摩托车电单车新国标48V12AH锂电/标准版/牡丹红,3599,新日靖斯专卖店,https://item.jd.com/47908733510.html,"['商品名称：新日电动车电动自行车滑板车成人外卖电瓶车迷你哈雷摩托车电单车新国标48V12AH锂电/标准版/牡丹红', '商品编号：47908733510', '店铺：', '商品毛重：50.0kg', '商品产地：中国大陆', '货号：XC1', '理论时速：21-30km/h', '重量：40kg以上', '车型：电动自行车', '轮圈尺寸：14英寸', '变速档位：单速', '是否可折叠：不可折叠', '额定功率：250W及以下', '电池容量：11-20AH', '电池类型：锂电池', '适用人群：通用', '是否支持脚踏：支持脚踏', '电池电压：48V', '标准认证：CCC认证', '电池能否拆卸：可拆卸', '理论续航：80km以上', '款式：两轮', '上市时间：2019年夏季']",977896,评价6,3.5,https://mall.jd.com/index-977896.html
2019-11-04,46018888883,新日折叠电动车电动自行车滑板车成人外卖电瓶车迷你哈雷摩托车电单车代驾新国标48V12A哑光黑,2999,新日靖斯专卖店,https://item.jd.com/46018888883.html,"['商品名称：新日折叠电动车电动自行车滑板车成人外卖电瓶车迷你哈雷摩托车电单车代驾新国标48V12A哑光黑', '商品编号：46018888883', '店铺：', '商品毛重：25.0kg', '商品产地：中国大陆', '货号：DC1', '理论时速：21-30km/h', '重量：21-30kg', '车型：电动自行车', '轮圈尺寸：14英寸', '变速档位：单速', '是否可折叠：可折叠', '额定功率：250W及以下', '电池容量：11-20AH', '电池类型：锂电池', '适用人群：通用', '是否支持脚踏：支持脚踏', '电池电压：48V', '标准认证：CCC认证', '电池能否拆卸：可拆卸', '理论续航：41-60km，61-80km，80km以上', '款式：两轮', '上市时间：2019年夏季']",977896,评价1100+,3.5,https://mall.jd.com/index-977896.html
2019-11-04,45027116944,新日电动车电动自行车滑板车成人外卖电瓶车迷你哈雷摩托车电单车新国标深檀棕,3199,新日靖斯专卖店,https://item.jd.com/45027116944.html,"['商品名称：新日电动车电动自行车滑板车成人外卖电瓶车迷你哈雷摩托车电单车新国标深檀棕', '商品编号：45027116944', '店铺：', '商品毛重：50.0kg', '商品产地：中国大陆', '货号：武士', '理论时速：21-30km/h', '重量：40kg以上', '车型：电动自行车', '轮圈尺寸：12英寸', '变速档位：单速', '是否可折叠：不可折叠', '额定功率：251-500W', '电池容量：11-20AH', '电池类型：铅酸电池', '适用人群：通用', '是否支持脚踏：支持脚踏', '电池电压：48V', '标准认证：CCC认证', '电池能否拆卸：不可拆卸', '理论续航：41-60km', '款式：两轮', '上市时间：2019年春季']",977896,评价0,3.5,https://mall.jd.com/index-977896.html
