简易款,雅迪,https://item.jd.com/56058596678.html
简易款,雅迪,https://item.jd.com/41805337034.html
简易款,雅迪,https://item.jd.com/53704257271.html
简易款,雅迪,https://item.jd.com/42643716918.html
简易款,雅迪,https://item.jd.com/55647656381.html
简易款,雅迪,https://item.jd.com/52327013174.html
简易款,雅迪,https://item.jd.com/55069275220.html
电摩款,雅迪,https://item.jd.com/49927298513.html
电摩款,雅迪,https://item.jd.com/45016055292.html
电摩款,雅迪,https://item.jd.com/51830216170.html
电摩款,雅迪,https://item.jd.com/46294307205.html
电摩款,雅迪,https://item.jd.com/41812002315.html
电摩款,雅迪,https://item.jd.com/41811473179.html
电摩款,雅迪,https://item.jd.com/41808604179.html
电摩款,雅迪,https://item.jd.com/45462463608.html
电摩款,雅迪,https://item.jd.com/56061900610.html
电摩款,雅迪,https://item.jd.com/56062525161.html
简易款,新日,https://item.jd.com/26809422295.html
简易款,新日,https://item.jd.com/27582429988.html
简易款,新日,https://item.jd.com/44091703887.html
简易款,新日,https://item.jd.com/42729899523.html
简易款,新日,https://item.jd.com/54745834494.html
简易款,新日,https://item.jd.com/58043082919.html
简易款,新日,https://item.jd.com/41617400761.html
简易款,新日,https://item.jd.com/41625549656.html
电摩款,新日,https://item.jd.com/17302243540.html
电摩款,新日,https://item.jd.com/26693453701.html
电摩款,新日,https://item.jd.com/26684450420.html
电摩款,新日,https://item.jd.com/50476918802.html
简易款,爱玛,https://item.jd.com/48135552332.html
简易款,爱玛,https://item.jd.com/46164370455.html
简易款,爱玛,https://item.jd.com/41201703793.html
简易款,爱玛,https://item.jd.com/48280394348.html
简易款,爱玛,https://item.jd.com/42889160945.html
电摩款,爱玛,https://item.jd.com/48442680629.html
电摩款,爱玛,https://item.jd.com/30012638298.html
电摩款,爱玛,https://item.jd.com/48442205347.html
电摩款,爱玛,https://item.jd.com/51501582834.html
电摩款,小牛,https://item.jd.com/28753326014.html
电摩款,小牛,https://item.jd.com/25945013809.html
电摩款,小牛,https://item.jd.com/53362732860.html
电摩款,小牛,https://item.jd.com/46138706920.html
电摩款,小牛,https://item.jd.com/28999866539.html
电摩款,小牛,https://item.jd.com/46140877918.html
电摩款,小牛,https://item.jd.com/29815922453.html
电摩款,小牛,https://item.jd.com/51347578992.html
电摩款,小牛,https://item.jd.com/29815293287.html
电摩款,小牛,https://item.jd.com/46143023910.html
简易款,绿源,https://item.jd.com/47765308132.html
简易款,绿源,https://item.jd.com/40878274695.html
简易款,绿源,https://item.jd.com/28754211332.html
简易款,绿源,https://item.jd.com/51935055803.html
简易款,绿源,https://item.jd.com/58629154676.html
简易款,绿源,https://item.jd.com/44265191337.html
简易款,绿源,https://item.jd.com/47225974347.html
电摩款,绿源,https://item.jd.com/22765319480.html
电摩款,绿源,https://item.jd.com/27716665243.html
电摩款,绿源,https://item.jd.com/50789947688.html
电摩款,绿源,https://item.jd.com/55608416694.html
电摩款,绿源,https://item.jd.com/46168888176.html
电摩款,绿源,https://item.jd.com/48122082290.html
电摩款,绿源,https://item.jd.com/27732968655.html
电摩款,绿源,https://item.jd.com/50567983960.html
电摩款,绿源,https://item.jd.com/47756424613.html
电摩款,绿源,https://item.jd.com/33195131668.html
电摩款,绿源,https://item.jd.com/33326945739.html
电摩款,绿源,https://item.jd.com/30464969345.html
电摩款,绿源,https://item.jd.com/30461268029.html
简易款,台铃,https://item.jd.com/30853783600.html
简易款,台铃,https://item.jd.com/52955129406.html
简易款,台铃,https://item.jd.com/45527579545.html
简易款,台铃,https://item.jd.com/11391681016.html
简易款,台铃,https://item.jd.com/51603796002.html
简易款,台铃,https://item.jd.com/11391681015.html